env,candidate_id,kind,failure,success,actionability_residual,mean_residual,rollout_error,xy_error,action_norm,smoothness,path_length,random_score,passive_nll
point_mass,0,rollout,0,1,0.0004964235630158958,2.2564707409813446e-05,0.0014303070207460121,0.0014303070207460121,0.4562100566283038,0.530618157560707,2.5131699599540003,0.7320982389279156,0.606013256359327
point_mass,1,line,0,1,0.00010256044220282286,4.6618382819464935e-06,0.002847773046495512,0.002847773046495512,0.2157403823102433,2.467597741246146e-31,1.1884706180706681,0.04432299121099936,0.03565411854212004
point_mass,2,line,0,1,6.291430654212706e-05,2.859741206460321e-06,0.0022304379195200565,0.0022304379195200565,0.1689725696606608,2.68913987016144e-31,0.9308360917466476,0.6154623182857838,0.027925082752399428
point_mass,3,too_fast,1,0,0.6092365037482907,0.027692568352195034,5.4716914145025015,5.4716914145025015,1.4142135623730954,2.865783757248207e-29,11.32357437860659,0.57075643041532,0.3397072313581977
point_mass,4,too_fast,1,0,0.48613136228584647,0.022096880103902112,4.41119042934644,4.41119042934644,1.4101447330618855,0.2891064337641519,10.757625075520867,0.20624530978985023,0.6118351860297779
point_mass,5,rollout,0,1,0.0006897740895753086,3.1353367707968576e-05,0.001148776533327318,0.001148776533327318,0.5378618524779046,0.9196848127579356,2.962973372930281,0.5757771418100329,1.008574013945844
point_mass,6,line,0,1,0.00016598289462919422,7.5446770285997375e-06,0.0036228228637114794,0.0036228228637114794,0.27445627755388546,4.5052316224078415e-31,1.5119247417888437,0.3723327798432471,0.04535774225366531
point_mass,7,line,0,1,0.00011329101147704095,5.149591430774589e-06,0.002993044404163347,0.002993044404163347,0.2267457881941885,2.0738654382404804e-31,1.2490971980041456,0.2830830576678356,0.03747291594012437
point_mass,8,too_fast,1,0,0.4130414345985574,0.018774610663570793,4.497527210882508,4.497527210882508,1.4142135623730954,2.5699609177903275e-29,10.776287614009963,0.6008642961850954,0.3232886284202989
point_mass,9,too_fast,1,0,0.7045302487171151,0.032024102214414325,5.503131727259926,5.503131727259926,1.4142135623730954,0.20788455748706544,11.480275792117299,0.985490376352255,0.5522928312505844
point_mass,10,rollout,0,1,0.0005107307686929829,2.3215034940590132e-05,0.0006192655290411938,0.0006192655290411938,0.44103569241080753,0.6936904566709616,2.429577422352657,0.23967092555120284,0.7665777793415414
point_mass,11,line,0,1,5.245606735128355e-05,2.3843666977856156e-06,0.0020366354411017044,0.0020366354411017044,0.1542905637197927,1.2480026039629288e-31,0.8499558574195938,0.541456507390793,0.02549867572258781
point_mass,12,line,0,1,0.00016345553016746295,7.42979682579377e-06,0.0035951353232493762,0.0035951353232493762,0.27235873660979815,4.017489863991774e-31,1.5003698082360561,0.7291690222516274,0.04501109424708168
point_mass,13,too_fast,1,0,0.5569419983386664,0.02531554537903029,5.2298019960380895,5.2298019960380895,1.4142135623730954,2.659324067209895e-29,11.176369900184115,0.6742734057218339,0.33529109700552345
point_mass,14,too_fast,1,0,0.467130837461481,0.021233219884612773,4.413128720184466,4.413128720184466,1.4142135623730954,0.20639314216975307,10.73446072208566,0.943655541011795,0.5284269638323229
point_mass,15,rollout,0,1,0.0006339796036605102,2.881725471184137e-05,0.0007311634352409489,0.0007311634352409489,0.5054333725902512,0.7583435194703094,2.7843313629251756,0.5060306745483945,0.8418734603580647
point_mass,16,line,0,1,0.00010547298575425015,4.794226625193189e-06,0.002887925948787378,0.002887925948787378,0.21878226884752924,5.181233032887761e-31,1.2052277626272692,0.8349816305020089,0.036156832878818074
point_mass,17,line,0,1,5.674558398131531e-06,2.579344726423423e-07,0.0006698560246666236,0.0006698560246666236,0.05074666853533861,1.2892069723434323e-32,0.2795532476274734,0.9435325056105539,0.008386597428824203
point_mass,18,too_fast,1,0,0.6615746389280321,0.030071574496728735,5.703520371396738,5.703520371396738,1.4142135623730954,2.1672104478200688e-29,11.579299966815054,0.15999114500430367,0.34737899900445157
point_mass,19,too_fast,1,0,0.6997085082275355,0.031804932192160705,5.514995083193301,5.514995083193301,1.4142135623730954,0.2454431917208937,11.418525981421636,0.3126832327229475,0.5879989711635428
point_mass,20,rollout,0,1,0.000647444316573305,2.9429287116968407e-05,0.0008193627462355402,0.0008193627462355402,0.51914275604814,0.8063085755467289,2.8598536145179945,0.8385648123695356,0.8921041839822687
point_mass,21,line,0,1,0.00013424330533966448,6.101968424530204e-06,0.0032580800551660293,0.0032580800551660293,0.2468242466034564,5.766715735981481e-31,1.3597054096891208,0.6381953336015446,0.04079116229067362
point_mass,22,line,0,1,0.00016772621289327775,7.6239187678762615e-06,0.003641798422201574,0.003641798422201574,0.27589381986376593,6.230864852578805e-31,1.519843874865514,0.9824078554633356,0.04559531624596542
point_mass,23,too_fast,1,0,0.6156232932504592,0.02798287696592996,5.500504796461661,5.500504796461661,1.4142135623730954,1.925621795596134e-29,11.417522141602378,0.6485359194002578,0.3425256642480713
point_mass,24,too_fast,1,0,0.5633103662546843,0.025605016647940196,4.767606792054272,4.767606792054272,1.4013223195996185,0.33132329730497434,10.932460932940158,0.8559938173285949,0.6592971252931791
point_mass,25,rollout,0,1,0.000771167110389395,3.505305047224523e-05,0.0015065019708355818,0.0015065019708355818,0.5530061027159118,0.8567605450785121,3.0464000186414144,0.5437422489177792,0.9481525456377545
point_mass,26,line,0,1,0.00023833680653357077,1.0833491206071399e-05,0.004341211960202616,0.004341211960202616,0.328879693954736,1.2072691856391388e-30,1.8117324580578493,0.9304928115103,0.054351973741735476
point_mass,27,line,0,1,4.556611252631416e-06,2.07118693301428e-07,0.0006002558786189165,0.0006002558786189165,0.045473930198411214,1.1237349835668805e-32,0.25050678667700776,0.15366135595233288,0.007515203600310233
point_mass,28,too_fast,1,0,0.3576035032055805,0.01625470469116275,4.181336318532179,4.181336318532179,1.4142135623730954,2.764094656184561e-29,10.535186680325555,0.11645901300765538,0.31605560040976666
point_mass,29,too_fast,1,0,0.884376819629207,0.04019894634678214,6.2107177806877045,6.2107177806877045,1.4142135623730954,0.28246693973042203,11.955138718428165,0.07057810628055838,0.6411211012832669
point_mass,30,rollout,0,1,0.0007899629863914057,3.590740847233662e-05,0.0010155234679713795,0.0010155234679713795,0.5726903507460263,1.079853705390146,3.1548366041897107,0.7278882745096853,1.1744988035158372
point_mass,31,line,0,1,0.0001245759722371031,5.662544192595595e-06,0.003138575465343211,0.003138575465343211,0.2377708685866258,9.139741292332676e-32,1.3098321608700034,0.7023380241887802,0.0392949648261001
point_mass,32,line,0,1,5.5960927439125375e-05,2.5436785199602444e-06,0.002103574437123123,0.002103574437123123,0.15936169978206977,1.9443466494804388e-31,0.8778917317594662,0.17236976587136033,0.026336751952783986
point_mass,33,too_fast,1,0,0.8051714895267188,0.03659870406939631,6.295886651741165,6.295886651741165,1.4142135623730954,2.805386594192223e-29,11.97350857994596,0.8750117600738602,0.3592052573983788
point_mass,34,too_fast,1,0,0.9179991922834565,0.04172723601288439,6.311821501820425,6.311821501820425,1.4142135623730954,0.34326768064009205,12.043988281963552,0.9306896446251689,0.7045873290989986
point_mass,35,rollout,0,1,0.0006145902359172329,2.7935919814419678e-05,0.001043470393685054,0.001043470393685054,0.49307474507487487,0.8403651955625117,2.7162501556684715,0.9562403993746098,0.9218527002325658
point_mass,36,line,0,1,0.00013716557143800896,6.23479870172768e-06,0.003293350786485797,0.003293350786485797,0.24949627170345956,2.739635345890843e-31,1.374425061560018,0.8537415592755844,0.04123275184680054
point_mass,37,line,0,1,2.1431127149318193e-05,9.74142143150827e-07,0.0013017810323002034,0.0013017810323002034,0.09861977517424991,5.134408861114847e-32,0.5432766174799077,0.632815808819528,0.016298298524397233
point_mass,38,too_fast,1,0,0.3895676128708244,0.017707618766855657,4.36643983550739,4.36643983550739,1.4142135623730954,2.2584224899862483e-29,10.627572416194841,0.8253525769951207,0.31882717248584524
point_mass,39,too_fast,1,0,0.5507462930055373,0.025033922409342605,4.617845221075189,4.617845221075189,1.4059036800772913,0.3972189952861638,10.84562314708172,0.6823518632481435,0.7225876896986154
point_mass,40,rollout,0,1,0.0007852767028919512,3.5694395585997784e-05,0.001064091641112402,0.001064091641112402,0.5796239407310574,0.9347723645016506,3.1930323646992496,0.7852531140389178,1.030563335442628
point_mass,41,line,0,1,0.0002059327495202681,9.36057952364855e-06,0.004035321505229444,0.004035321505229444,0.30570617463856703,3.414673791398569e-31,1.684074174848938,0.851749483600873,0.05052222524546814
point_mass,42,line,0,1,8.07791274827267e-05,3.6717785219421226e-06,0.002527347803047125,0.002527347803047125,0.19146574265503605,2.687755608013912e-31,1.054746483138063,0.0061760759686593225,0.03164239449414189
point_mass,43,too_fast,1,0,0.48066148553665816,0.02184824934257537,4.855403539775514,4.855403539775514,1.4142135623730954,1.6566079009641248e-29,11.01006801183249,0.062466567733373224,0.3303020403549747
point_mass,44,too_fast,1,0,0.4666797108611964,0.02121271413005438,4.445678279781324,4.445678279781324,1.4127846437535765,0.17189283903598507,10.771240873400874,0.6591793009335674,0.4950300652380113
point_mass,45,rollout,0,1,0.0007524971526870402,3.42044160312291e-05,0.0021515314243322845,0.0021515314243322845,0.5550668139735703,0.9496249448378499,3.0577520648176044,0.38431637188298307,1.041357506782378
point_mass,46,line,0,1,5.901620352439162e-06,2.6825547056541644e-07,0.0006831263962370702,0.0006831263962370702,0.051751999714938275,2.8436054702323727e-32,0.285091416029652,0.45328039622983696,0.00855274248088956
point_mass,47,line,0,1,9.367866193690184e-05,4.2581209971319014e-06,0.002721671917876823,0.002721671917876823,0.20618726650578686,3.2326734116539754e-31,1.135844413727079,0.6464635302465336,0.03407533241181237
point_mass,48,too_fast,1,0,0.2833044894124533,0.01287747679147515,3.7156119584688114,3.7156119584688114,1.4142135623730954,2.5924557795407704e-29,10.254469896561767,0.14260132444453877,0.307634096896853
point_mass,49,too_fast,1,0,0.6196787548411611,0.028167216129143687,5.175056795071414,5.175056795071414,1.4142135623730954,0.21657819766601913,11.226844282088408,0.9751512681886565,0.5533835261286714
point_mass,50,rollout,0,1,0.0005091100179584257,2.314136445265571e-05,0.00142620783567008,0.00142620783567008,0.43563554075505434,0.5546754503158473,2.3998290669114435,0.968472483983038,0.6266703223231906
point_mass,51,line,0,1,1.0792088130094483e-05,4.905494604588401e-07,0.0009237791895890304,0.0009237791895890304,0.06998327193856,1.9864914133416e-32,0.3855238484551393,0.5482324064888705,0.01156571545365418
point_mass,52,line,0,1,7.49432261715527e-05,3.4065102805251227e-06,0.002434342185844429,0.002434342185844429,0.1844198625639826,1.2292247870051533e-31,1.0159321388924674,0.12744202091993306,0.03047796416677402
point_mass,53,too_fast,1,0,0.5435586461365371,0.024707211188024415,5.166077136837834,5.166077136837834,1.4142135623730954,2.4824466611173715e-29,11.159569325271555,0.8581820515662284,0.33478707975814664
point_mass,54,too_fast,1,0,0.8399908634530779,0.03818140288423082,5.718821265089419,5.718821265089419,1.4102334260895342,0.6043040117168142,11.619266459194105,0.5731201843927208,0.9528820054926374
point_mass,55,rollout,0,1,0.0006041128894672089,2.7459676793964044e-05,0.0012905312401936984,0.0012905312401936984,0.48965926916471875,0.6880825099744163,2.697434981974602,0.41676250203586285,0.7690055594336545
point_mass,56,line,0,1,7.055558508143994e-05,3.207072049156361e-06,0.002362006735202673,0.002362006735202673,0.17893990418201786,2.144522993075187e-31,0.9857441441578999,0.6676200499355733,0.029572324324736995
point_mass,57,line,0,1,0.00018302685173548559,8.319402351612981e-06,0.0038042831840675736,0.0038042831840675736,0.28820327152026887,3.588488968879517e-31,1.587654182150857,0.7362965073880884,0.047629625464525704
point_mass,58,too_fast,1,0,0.6460579130957478,0.029366268777079443,5.63578447939943,5.63578447939943,1.4142135623730954,2.5545534782352296e-29,11.529611467632298,0.022290065655423796,0.34588834402896895
point_mass,59,too_fast,1,0,1.0457368113767622,0.04753349142621646,6.848975219272297,6.848975219272297,1.4142135623730954,0.26555157021203135,12.368278470867049,0.41332015975471725,0.6365999243380428
point_mass,60,rollout,0,1,0.0006762027115103622,3.073648688683465e-05,0.0015424742597254298,0.0015424742597254298,0.5204432552528463,0.9058626562580647,2.8670178045368795,0.7927618399992379,0.9918731903941711
point_mass,61,line,0,1,3.440404668263899e-05,1.5638203037563176e-06,0.001649377998160477,0.001649377998160477,0.12495287864851724,4.35645729578585e-32,0.6883404178989524,0.6006305565881277,0.02065021253696857
point_mass,62,line,0,1,0.0001477758590362331,6.717084501646959e-06,0.0034183551297080695,0.0034183551297080695,0.2589662977051535,2.769487260028845e-31,1.4265935407981498,0.8005040427378881,0.042797806223944496
point_mass,63,too_fast,1,0,1.0477482673680627,0.04762492124400285,7.186497007215623,7.186497007215623,1.4142135623730954,1.9339418129558868e-29,12.567727942316859,0.9894866813107274,0.37703183826950576
point_mass,64,too_fast,1,0,0.46648160773921066,0.021203709442691395,4.081451527820499,4.081451527820499,1.4014011848103312,0.4945602310016235,10.49488767038397,0.6374492475520283,0.8094068611131426
point_mass,65,rollout,0,1,0.0006269838661661525,2.8499266643916022e-05,0.0023555227239440684,0.0023555227239440684,0.505895839065788,0.7021521283302842,2.786878998245613,0.08202569985503316,0.7857584982776525
point_mass,66,line,0,1,1.6162799237544173e-06,7.346726926156442e-08,0.00035749808691775786,0.00035749808691775786,0.027083188402866085,6.918677630295787e-33,0.14919586827370868,0.004822044056611019,0.00447587604821126
point_mass,67,line,0,1,0.00012419779439995716,5.645354290907144e-06,0.003133807925366932,0.003133807925366932,0.23740969131571366,3.5403407202698363e-31,1.3078425075200033,0.49179384245712954,0.0392352752256001
point_mass,68,too_fast,1,0,0.7460382246191777,0.033910828391780806,6.058967908699409,6.058967908699409,1.4142135623730954,2.508639308361038e-29,11.768225804374959,0.21853270164820837,0.35304677413124874
point_mass,69,too_fast,1,0,0.6954784682621028,0.0316126576482774,5.275993328947383,5.275993328947383,1.4142135623730954,0.36275764541507083,11.281212116213695,0.9351787748043178,0.7011940089014816
point_mass,70,rollout,0,1,0.000607667190246962,2.7621235920316454e-05,0.001575440139666469,0.001575440139666469,0.49076388331283965,0.8398396676798763,2.703520080393772,0.5838466548135594,0.9209452700916895
point_mass,71,line,0,1,3.1922308563374244e-05,1.4510140256079201e-06,0.001588775662342044,0.001588775662342044,0.12036179260168041,5.014640092698265e-32,0.6630490430841374,0.3114798278816511,0.01989147129252412
point_mass,72,line,0,1,0.00016704356514782485,7.59288932490113e-06,0.003634379783875567,0.003634379783875567,0.27533180180878425,5.079640228321335e-31,1.5167478298042307,0.13872010423241077,0.04550243489412692
point_mass,73,too_fast,1,0,0.5529754493745347,0.025135247698842487,5.210996521207769,5.210996521207769,1.4142135623730954,2.4306776642122426e-29,11.249665935227188,0.2630917164585356,0.33748997805681563
point_mass,74,too_fast,1,0,0.7551294788947789,0.03432406722248995,5.6151319752806526,5.6151319752806526,1.4123860005173632,0.33225801382885956,11.534372507166902,0.9691314674957209,0.6782891890438666
point_mass,75,rollout,0,1,0.0005160405281552794,2.3456387643421794e-05,0.001289406001117671,0.001289406001117671,0.4594010602272069,0.6648561029559034,2.5307485605796383,0.8099410810690779,0.7407785597732925
point_mass,76,line,0,1,6.171477861629369e-05,2.8052172098315313e-06,0.002209072760791386,0.002209072760791386,0.16735399702965098,1.2229655146858948e-31,0.9219196988369412,0.5545999207677106,0.027657590965108236
point_mass,77,line,0,1,5.5306422857988264e-05,2.513928311726739e-06,0.002091236824470465,0.002091236824470465,0.15842703215688456,1.4581490204436115e-31,0.8727428347458458,0.46860960614619274,0.026182285042375374
point_mass,78,too_fast,1,0,0.41339970765921935,0.01879089580269179,4.499498364165872,4.499498364165872,1.4142135623730954,2.3853797919202548e-29,10.772327313497575,0.07171780768131986,0.3231698194049272
point_mass,79,too_fast,1,0,0.4654679824479318,0.021157635565815083,4.330376924824261,4.330376924824261,1.4142135623730954,0.2336364746615403,10.707140510580372,0.8066411131171572,0.5548506899789514
point_mass,80,rollout,0,1,0.000649429854073983,2.951953882154468e-05,0.000655352965418587,0.000655352965418587,0.5195650450116944,0.8325429270807332,2.862179919960422,0.07304027945731073,0.9184083246795458
point_mass,81,line,0,1,4.773107155465191e-06,2.169594161575087e-07,0.0006143502297430071,0.0006143502297430071,0.04654168407143384,1.7826889047734352e-32,0.2563888292127147,0.46268170480256354,0.007691664876381441
point_mass,82,line,0,1,0.00013311452609487815,6.050660277039916e-06,0.003244353424041243,0.003244353424041243,0.24578435030617882,2.7275982837384228e-31,1.353976828966678,0.7162412684239651,0.04061930486900034
point_mass,83,too_fast,1,0,0.43520123264656424,0.019781874211207466,4.617863252198459,4.617863252198459,1.4142135623730954,1.7459710503836925e-29,10.843214824690001,0.11565432156600153,0.3252964447407
point_mass,84,too_fast,1,0,0.7729364517928835,0.035133475081494704,5.905407038898925,5.905407038898925,1.4142135623730954,0.19518553183754261,11.738322549312686,0.2702245787688239,0.5473352083169232
point_mass,85,rollout,0,1,0.0005976277526072264,2.7164897845783018e-05,0.00046947359204062636,0.00046947359204062636,0.47837754631533813,0.838700928580481,2.6352862271419353,0.47650022173858786,0.917759515394739
point_mass,86,line,0,1,0.00020107080726944126,9.139582148610967e-06,0.00398740127720092,0.00398740127720092,0.30207585433343664,5.867345575575714e-31,1.6640754663520358,0.7874185021028056,0.04992226399056107
point_mass,87,line,0,1,0.00022952138757286776,1.0432790344221261e-05,0.004260170819007399,0.004260170819007399,0.32274021356114496,1.2090988190863067e-30,1.7779112884656345,0.10249433382402584,0.05333733865396904
point_mass,88,too_fast,1,0,0.44598177365025193,0.02027189880228418,4.6752858517621645,4.6752858517621645,1.4142135623730954,2.4873770417750028e-29,10.893481792645467,0.17022938382212582,0.326804453779364
point_mass,89,too_fast,1,0,0.6474962374999712,0.0294316471590896,5.226224305245201,5.226224305245201,1.413637818831895,0.2620990169263294,11.318128967368779,0.06830641018054262,0.6016428859473928
nonholonomic_car,0,rollout,0,1,0.0007128536622000315,3.2402439190910527e-05,0.0034304482573396062,0.0033521818209953395,0.5285829349278389,0.465856233076176,1.2442963128236137,0.9435325056105539,0.5031851224608844
nonholonomic_car,1,forward_or_sideways,0,1,0.0017186005220459918,7.811820554754508e-05,0.2771705882655645,0.2771705882655645,0.2751940769677659,3.0233789934787687e-31,1.108634344973925,0.15999114500430367,0.033259030349217754
nonholonomic_car,2,forward_or_sideways,1,0,0.08774546958179422,0.0039884304355361005,2.084082710522501,2.084082710522501,0.0,2.850376317693109e-31,1.389388473681667,0.3126832327229475,0.04168165421045001
nonholonomic_car,3,forward_or_sideways,1,0,0.054820831576447474,0.0024918559807476123,1.6468080665023002,1.6468080665023002,0.12325383250752005,2.097939562545321e-31,1.2020901394550285,0.8385648123695356,0.03606270418365085
nonholonomic_car,4,forward_or_sideways,1,0,0.06434603150920311,0.002924819614054687,1.1610799678992973,1.161056994836946,0.5928756907721291,0.6309052698663414,1.764329789247853,0.6381953336015446,0.683835163543777
nonholonomic_car,5,rollout,0,1,0.0007946635879595887,3.612107217998131e-05,0.0029112094949420766,0.0018931450608418838,0.5665503865922665,0.7010234159242944,1.3048209239553235,0.9824078554633356,0.7401680436429541
nonholonomic_car,6,forward_or_sideways,0,1,0.0010692427801796125,4.860194455361875e-05,0.17114118396934974,0.17114118396934974,0.46590071703201497,4.771762271117806e-31,1.8541660799841344,0.6485359194002578,0.05562498239952403
nonholonomic_car,7,forward_or_sideways,1,0,0.06559981971693883,0.0029818099871335834,1.801996413977695,1.801996413977695,0.0,2.051596873258503e-31,1.2013309426517969,0.8559938173285949,0.03603992827955391
nonholonomic_car,8,forward_or_sideways,1,0,0.06469991516017082,0.002940905234553219,1.7890895557914261,1.7890895557914261,0.1287205451964775,2.3231529954171032e-31,1.29770110940485,0.5437422489177792,0.0389310332821455
nonholonomic_car,9,forward_or_sideways,1,0,0.08178212890800748,0.003717369495818522,1.2201907257093743,1.2201686589180718,0.4887598995895441,0.366418407610228,1.5277879829083554,0.9304928115103,0.41225204709747865
nonholonomic_car,10,rollout,0,1,0.001037476719146893,4.715803268849513e-05,0.002800348490382262,0.0025626357855022966,0.6427636329078434,0.4426367756583296,1.4464678190804565,0.15366135595233288,0.4860308102307433
nonholonomic_car,11,forward_or_sideways,0,1,0.00042577367062555634,1.9353348664798014e-05,0.05070031351195843,0.05070031351195843,0.4122245292258176,4.757851941167916e-31,1.637788500938733,0.11645901300765538,0.049133655028161985
nonholonomic_car,12,forward_or_sideways,1,0,0.06056108743824699,0.0027527767017384995,1.7314080478596678,1.7314080478596678,0.0,2.051596873258503e-31,1.1542720319064455,0.07057810628055838,0.034628160957193364
nonholonomic_car,13,forward_or_sideways,1,0,0.025981698365746216,0.0011809862893521006,1.1329941204637803,1.1329941204637803,0.14902166718489226,3.2202752376369825e-31,0.9596461156212747,0.7278882745096853,0.028789383468638238
nonholonomic_car,14,forward_or_sideways,1,0,0.052223635019673795,0.002373801591803354,0.6255323500419973,0.6254873410197099,0.5415997159877057,0.42193979415333505,1.5540128477629376,0.7023380241887802,0.4685601795862232
nonholonomic_car,15,rollout,0,1,0.001023926557984487,4.654211627202214e-05,0.0016216893401002368,0.0015698190181074696,0.6517591343672855,0.8168702671345502,1.5365592347213943,0.17236976587136033,0.8629670441761921
nonholonomic_car,16,forward_or_sideways,0,1,0.00047297512752401494,2.149886943290977e-05,0.12758051781779317,0.12758051781779317,0.25597506704266665,1.562916600152739e-31,1.0203361889738432,0.8750117600738602,0.030610085669215293
nonholonomic_car,17,forward_or_sideways,1,0,0.052515902491688055,0.0023870864768949117,1.6123080268170094,1.6123080268170094,0.0,2.5638942384655077e-31,1.0748720178780062,0.9306896446251689,0.032246160536340183
nonholonomic_car,18,forward_or_sideways,1,0,0.03174827515139745,0.0014431034159726114,1.252397891806788,1.252397891806788,0.1670557604760689,3.8404246797296725e-31,1.0665125539548623,0.9562403993746098,0.03199537661864587
nonholonomic_car,19,forward_or_sideways,1,0,0.09157258847421111,0.0041623903851914145,1.1639957302497668,1.163972809679903,0.524758136513626,0.4746985673236352,1.717579889695502,0.8537415592755844,0.5262259640145003
nonholonomic_car,20,rollout,0,1,0.0009185021001021025,4.175009545918647e-05,0.0034281587073980106,0.0030314716218307006,0.6177494941666772,0.58365677863171,1.2636981631454907,0.632815808819528,0.6215677235260747
nonholonomic_car,21,forward_or_sideways,0,1,0.000670219871123924,3.0464539596541997e-05,0.09223578831818267,0.09223578831818267,0.4759451760407799,8.089357156257106e-31,1.8915507864838046,0.8253525769951207,0.05674652359451413
nonholonomic_car,22,forward_or_sideways,1,0,0.04134751358281916,0.0018794324355826892,1.4306299040456092,1.4306299040456092,0.0,1.6394478651596345e-31,0.9537532693637393,0.6823518632481435,0.028612598080912176
nonholonomic_car,23,forward_or_sideways,1,0,0.0820411393859064,0.003729142699359382,2.014445182962411,2.014445182962411,0.16727175125715957,3.319942112259022e-31,1.4983417268168833,0.7852531140389178,0.0449502518045065
nonholonomic_car,24,forward_or_sideways,1,0,0.07084595109786533,0.0032202705044484243,1.1800549259093822,1.1800325845813548,0.4885575531449003,0.3337737396569146,1.4750952657522394,0.851749483600873,0.37802659762948176
nonholonomic_car,25,rollout,0,1,0.0007410200981702044,3.368273173500929e-05,0.0013401028644033253,0.00031851922076465316,0.5172430675497272,0.5627221208770241,0.8643490281466092,0.0061760759686593225,0.5886525917214224
nonholonomic_car,26,forward_or_sideways,0,1,0.0013405416489901182,6.093371131773264e-05,0.2229147532654127,0.2229147532654127,0.3912005537997283,6.493543641399995e-31,1.5610181495357578,0.062466567733373224,0.04683054448607273
nonholonomic_car,27,forward_or_sideways,1,0,0.06030811882295728,0.0027412781283162398,1.7277881472380767,1.7277881472380767,0.0,1.6394478651596345e-31,1.1518587648253842,0.6591793009335674,0.03455576294476152
nonholonomic_car,28,forward_or_sideways,1,0,0.0413003807804905,0.001877290035476841,1.4288832441277979,1.4288832441277979,0.15633319192402803,1.6862720369325492e-31,1.1371238408647666,0.38431637188298307,0.034113715225942996
nonholonomic_car,29,forward_or_sideways,1,0,0.07382598976132115,0.00335572680733278,0.654396837493024,0.6543544232723717,0.5934109252962622,0.7597999373963751,1.8805745351820058,0.45328039622983696,0.8162171734518353
nonholonomic_car,30,rollout,0,1,0.0008019414279819656,3.645188309008935e-05,0.0015262876391009925,0.0008311777479897046,0.5644080221760254,0.5855406384337836,1.2716844404325267,0.6464635302465336,0.6236911716467594
nonholonomic_car,31,forward_or_sideways,0,1,0.0005853400975414016,2.6606368070063708e-05,0.06516989162859599,0.06516989162859599,0.47651185192687556,9.77961082765476e-31,1.8933005692222173,0.14260132444453877,0.05679901707666652
nonholonomic_car,32,forward_or_sideways,1,0,0.11511998612014829,0.005232726641824922,2.3871404049505216,2.3871404049505216,0.0,2.3573382519299767e-31,1.591426936633681,0.9751512681886565,0.04774280809901043
nonholonomic_car,33,forward_or_sideways,1,0,0.025804046046428268,0.0011729111839285577,1.128888700637196,1.128888700637196,0.16348424107120632,1.9934578630623133e-31,0.9940353364283612,0.968472483983038,0.029821060092850835
nonholonomic_car,34,forward_or_sideways,1,0,0.05907230261184725,0.002685104664174875,0.6209802085285409,0.6209348268571148,0.5679636225970632,0.48858438111155494,1.6894134725104537,0.5482324064888705,0.5392667852868686
nonholonomic_car,35,rollout,0,1,0.0007754111695924667,3.5245962254203034e-05,0.0032068946011254455,0.0022117834614638968,0.5498389757222873,0.502517096868685,1.330932736978502,0.12744202091993306,0.5424450789780401
nonholonomic_car,36,forward_or_sideways,0,1,0.0006978028068225436,3.171830940102471e-05,0.10353417475711547,0.10353417475711547,0.46770755222514704,6.564359182675452e-31,1.8591112760119646,0.8581820515662284,0.055773338280358936
nonholonomic_car,37,forward_or_sideways,1,0,0.06488080067985479,0.002949127303629763,1.7920936453357597,1.7920936453357597,0.0,1.5508550877178217e-31,1.1947290968905064,0.5731201843927208,0.03584187290671519
nonholonomic_car,38,forward_or_sideways,1,0,0.02975510770451649,0.0013525048956598404,1.2117913131343643,1.2117913131343643,0.20191108939971442,3.0150433279382177e-31,1.1383735740496341,0.41676250203586285,0.034151207221489024
nonholonomic_car,39,forward_or_sideways,1,0,0.09427567917651854,0.004285258144387206,1.1631598766385838,1.1631369852790612,0.5284985302923283,0.5617006582708355,1.7293605011962057,0.6676200499355733,0.6135814733067216
nonholonomic_car,40,rollout,0,1,0.0007917308079713971,3.598776399869987e-05,0.0014702415675664938,0.0011503408972789435,0.5647448755704665,0.4661018133920665,1.1785341025579257,0.7362965073880884,0.5014578364688043
nonholonomic_car,41,forward_or_sideways,0,1,0.00018922306710066335,8.601048504575606e-06,0.01379977773878954,0.01379977773878954,0.29027879882173424,1.4580779324227455e-31,1.153083138078162,0.022290065655423796,0.03459249414234486
nonholonomic_car,42,forward_or_sideways,1,0,0.11561181764863265,0.005255082620392393,2.3922343057500277,2.3922343057500277,0.0,2.3573382519299767e-31,1.5948228705000185,0.41332015975471725,0.047844686115000555
nonholonomic_car,43,forward_or_sideways,1,0,0.06681568342140923,0.0030370765191549648,1.818064558581837,1.818064558581837,0.13611391910854628,3.8470450639135036e-31,1.3271679355489026,0.7927618399992379,0.03981503806646707
nonholonomic_car,44,forward_or_sideways,1,0,0.06043431379464041,0.002747014263392746,0.6574744664449259,0.6574321606768097,0.5078687554783083,0.44979585836624675,1.4985437709018794,0.6006305565881277,0.49475217149330314
nonholonomic_car,45,rollout,0,1,0.0009789323850233123,4.4496926591968744e-05,0.003956167380820854,0.0017335768180903265,0.6121859715417934,0.5085828943297979,1.2787479901378256,0.8005040427378881,0.5469453340339326
nonholonomic_car,46,forward_or_sideways,0,1,0.0008259514244498625,3.754324656590284e-05,0.15575877102371713,0.15575877102371713,0.390707027403094,3.67049145479288e-31,1.5554377507929098,0.9894866813107274,0.046663132523787294
nonholonomic_car,47,forward_or_sideways,1,0,0.09086149958342032,0.004130068162882742,2.120765010409995,2.120765010409995,0.0,2.7906724894171048e-31,1.41384334027333,0.6374492475520283,0.0424153002081999
nonholonomic_car,48,forward_or_sideways,1,0,0.04507203885585963,0.0020487290389027105,1.4923041500395045,1.4923041500395045,0.19389789186439407,3.632303875114327e-31,1.2581637843990976,0.08202569985503316,0.03774491353197293
nonholonomic_car,49,forward_or_sideways,1,0,0.08109036481995152,0.0036859256736341602,1.2007917601410691,1.200769707462136,0.5465833070613564,0.4880200208654159,1.6180293578898046,0.004822044056611019,0.53656090160211
nonholonomic_car,50,rollout,0,1,0.0009117803904520703,4.144456320236683e-05,0.0019872198054846665,0.0014087055607908848,0.6023240246767355,0.43521355007122914,1.5687336928798774,0.49179384245712954,0.48227556085762546
nonholonomic_car,51,forward_or_sideways,0,1,0.00028619244733573074,1.3008747606169579e-05,0.07773981547804765,0.07773981547804765,0.27311499766922726,2.054982296988871e-31,1.086105555894166,0.21853270164820837,0.032583166676824975
nonholonomic_car,52,forward_or_sideways,1,0,0.0699429969872057,0.003179227135782077,1.860692975981444,1.860692975981444,0.0,1.5508550877178217e-31,1.2404619839876294,0.9351787748043178,0.037213859519628883
nonholonomic_car,53,forward_or_sideways,1,0,0.040009058850732394,0.0018185935841241998,1.4056715269823656,1.4056715269823656,0.20408975820957442,1.7015591058661229e-31,1.2391106307643245,0.5838466548135594,0.037173318922929736
nonholonomic_car,54,forward_or_sideways,1,0,0.05806022357660231,0.0026391010716637414,0.6659248365033044,0.6658826672107998,0.5446777304583595,0.4734735603142104,1.4653630726213116,0.3114798278816511,0.5174344524928497
nonholonomic_car,55,rollout,0,1,0.0007983537838458342,3.628880835662883e-05,0.001976718961161165,0.0008455433148346781,0.5637367616183748,0.40386901372058365,1.2582084889154508,0.13872010423241077,0.44161526838804716
nonholonomic_car,56,forward_or_sideways,0,1,0.0003075743263897748,1.3980651199535218e-05,0.060755944369487946,0.060755944369487946,0.3254388064032656,2.320702324794509e-31,1.2933435313476966,0.2630917164585356,0.0388003059404309
nonholonomic_car,57,forward_or_sideways,1,0,0.0785258857672304,0.003569358443965018,1.9715555648973995,1.9715555648973995,0.0,2.727116801252326e-31,1.3143703765982664,0.9691314674957209,0.03943111129794799
nonholonomic_car,58,forward_or_sideways,1,0,0.03615115770649339,0.001643234441204245,1.3368634065679978,1.3368634065679978,0.14464860847643596,2.430162477952119e-31,1.0603997921101913,0.8099410810690779,0.031811993763305735
nonholonomic_car,59,forward_or_sideways,1,0,0.0782896977137687,0.003558622623353123,0.6426757353409096,0.6426321284792818,0.6084851176653463,0.6881057888734152,1.7755474686157848,0.5545999207677106,0.7413722129318888
nonholonomic_car,60,rollout,0,1,0.0006777859673937677,3.080845306335308e-05,0.0008763469751750484,0.0006394901683795039,0.515148715438142,0.4265242041302834,1.0336748470686459,0.46860960614619274,0.4575344495423428
nonholonomic_car,61,forward_or_sideways,0,1,0.0004370024942451856,1.9863749738417528e-05,0.015448313614799161,0.015448313614799161,0.4432223298924524,5.826032738453988e-31,1.7605993766939059,0.07171780768131986,0.05281798130081718
nonholonomic_car,62,forward_or_sideways,1,0,0.05680019824496427,0.002581827192952921,1.6767855596723544,1.6767855596723544,0.0,1.6394478651596345e-31,1.1178570397815695,0.8066411131171572,0.03353571119344708
nonholonomic_car,63,forward_or_sideways,1,0,0.07303716561263847,0.0033198711642108397,1.900665611355447,1.900665611355447,0.16063269180091108,4.158564232418139e-31,1.4186954069246307,0.07304027945731073,0.04256086220773892
nonholonomic_car,64,forward_or_sideways,1,0,0.11080743036454214,0.005036701380206461,1.2281354811633238,1.2281140609609205,0.5530075006666958,0.7340728930369181,1.9830246549642185,0.46268170480256354,0.7935636326858447
nonholonomic_car,65,rollout,0,1,0.0007627228671571564,3.46692212344162e-05,0.002402655917661486,0.0010570131393607702,0.5342457366162322,0.47604854385035417,1.2510001072155215,0.7162412684239651,0.5135785470668198
nonholonomic_car,66,forward_or_sideways,0,1,0.0007708963426981265,3.504074284991484e-05,0.10766375458085908,0.10766375458085908,0.4939290286429601,4.369604024605447e-31,1.9632990337382226,0.11565432156600153,0.058898971012146674
nonholonomic_car,67,forward_or_sideways,1,0,0.10154894895141872,0.004615861315973579,2.2420243025211004,2.2420243025211004,0.0,3.1816362681277136e-31,1.4946828683474003,0.2702245787688239,0.044840486050422006
nonholonomic_car,68,forward_or_sideways,1,0,0.08508792541787197,0.003867632973539635,2.051273794989874,2.051273794989874,0.19469847122406173,4.3261201375798285e-31,1.5710567306042087,0.47650022173858786,0.04713170191812626
nonholonomic_car,69,forward_or_sideways,1,0,0.04508272207344059,0.002049214639701845,0.643974326586649,0.6439307435351853,0.5206037218843743,0.3406979159508233,1.4855968941801696,0.7874185021028056,0.3852658227762284
nonholonomic_car,70,rollout,0,1,0.0008795604363213669,3.99800198327894e-05,0.003827825357915858,0.0015045790327763427,0.6094344769400541,0.4216030469950006,1.4549625141920417,0.10249433382402584,0.46525192242076185
nonholonomic_car,71,forward_or_sideways,0,1,0.0005738185496342432,2.6082661347011055e-05,0.0384470644302711,0.0384470644302711,0.4972453175426457,9.764139911404718e-31,1.9753258507422158,0.17022938382212582,0.059259775522266474
nonholonomic_car,72,forward_or_sideways,1,0,0.05099089829250567,0.002317768104204803,1.5887257363934881,1.5887257363934881,0.0,1.7102257906158654e-31,1.059150490928992,0.06830641018054262,0.031774514727869754
nonholonomic_car,73,forward_or_sideways,1,0,0.04436721154525164,0.0020166914338750745,1.481543795686197,1.481543795686197,0.10518918867920844,2.0541246563105112e-31,1.0724399349023377,0.9207511749943501,0.03217319804707013
nonholonomic_car,74,forward_or_sideways,1,0,0.054911500978628444,0.0024959773172103837,1.1949102043629944,1.1948877873461707,0.526063729750227,0.4296961968660609,1.2802948347848158,0.5632800098391659,0.4681050419096054
nonholonomic_car,75,rollout,0,1,0.0008545103955093876,3.884138161406307e-05,0.0016753487733883765,0.0009400600131912002,0.6025710638851843,0.6045329875079384,1.2825268582189826,0.9087965710140651,0.6430087932545079
nonholonomic_car,76,forward_or_sideways,0,1,0.0005305873842698453,2.411760837590206e-05,0.023286900491258256,0.023286900491258256,0.4860004854648421,1.0693138856781891e-30,1.9305552115910785,0.4859979491890034,0.057916656347732354
nonholonomic_car,77,forward_or_sideways,1,0,0.08499470139772526,0.003863395518078421,2.0511552157716877,2.0511552157716877,0.0,5.772012043328546e-31,1.3674368105144585,0.7608275691889343,0.04102310431543375
nonholonomic_car,78,forward_or_sideways,1,0,0.05683856539088284,0.002583571154131038,1.676809792119497,1.676809792119497,0.1292028217725433,2.5947091175757035e-31,1.2300549318594058,0.9180695286445193,0.03690164795578217
nonholonomic_car,79,forward_or_sideways,1,0,0.08173214229582006,0.0037150973770827297,1.1751790363919872,1.1751564012743432,0.5646637552514723,0.5891349295345701,1.8651797457780446,0.5760563517081727,0.6450903219079115
nonholonomic_car,80,rollout,0,1,0.0008732717812732618,3.9694171876057355e-05,0.0030414942427483193,0.0012825109319631685,0.5918744073361659,0.5364374273906264,1.541202171078889,0.7862292648517992,0.582673492522993
nonholonomic_car,81,forward_or_sideways,0,1,0.00046489326305124807,2.1131511956874912e-05,0.026765545980882294,0.026765545980882294,0.4524783509970915,7.513511273400863e-31,1.7974246254102566,0.16597728030416115,0.053922738762307694
nonholonomic_car,82,forward_or_sideways,1,0,0.07391191511569205,0.0033596325052587294,1.9127571195075335,1.9127571195075335,0.0,2.3173752055839415e-31,1.275171413005022,0.9514465324975876,0.03825514239015066
nonholonomic_car,83,forward_or_sideways,1,0,0.026717422419495054,0.0012144282917952297,1.1485096200986848,1.1485096200986848,0.17768179442881105,4.362712806523186e-31,1.0413415832245814,0.017781659346371326,0.03124024749673744
nonholonomic_car,84,forward_or_sideways,1,0,0.05286378132138653,0.002402899150972115,0.6627693259006673,0.6627275185678121,0.5122746679736988,0.330832193796754,1.326783550778387,0.21957809833893838,0.3706357003201056
nonholonomic_car,85,rollout,0,1,0.000736685530491808,3.3485705931445815e-05,0.0033920514301503937,0.0008518510296050082,0.5478935298235594,0.33904479842310453,1.3884870497623525,0.5472544329262281,0.3806994099159751
nonholonomic_car,86,forward_or_sideways,0,1,0.0006658512053977886,3.0265963881717662e-05,0.12678885780126325,0.12678885780126325,0.3937554372897463,3.8955017622408403e-31,1.566359005418574,0.2542059655705361,0.04699077016255722
nonholonomic_car,87,forward_or_sideways,1,0,0.10717067465819732,0.004871394302645333,2.303247358748245,2.303247358748245,0.0,1.1002837772284278e-30,1.5354982391654968,0.09611097523647061,0.0460649471749649
nonholonomic_car,88,forward_or_sideways,1,0,0.06896729171745661,0.0031348768962480276,1.8469588328057895,1.8469588328057895,0.15522754809497974,1.9769670879134976e-31,1.3770635697126214,0.48686330122853905,0.04131190709137864
nonholonomic_car,89,forward_or_sideways,1,0,0.10193845409318758,0.00463356609514489,1.1784225453891808,1.1784004483325785,0.5388036698090057,0.5143800560921534,1.8210291790560325,0.5316441143633288,0.5690109314638344
two_link_arm,0,rollout,0,1,0.00036990840747304533,1.681401852150206e-05,0.15874734205502228,0.15874734205502228,0.38005868007769955,0.39277518270006717,1.9302327910451116,0.9306896446251689,0.4506821664314205
two_link_arm,1,cartesian_line,0,1,0.00025323818775602696,1.1510826716183043e-05,0.048270328707491345,0.048270328707491345,0.31149272484779406,1.0738985369903227e-30,1.5551204109453338,0.9562403993746098,0.04665361232836001
two_link_arm,2,cartesian_line,0,1,0.0001336368865599715,6.074403934544159e-06,0.03702032590055577,0.03702032590055577,0.2392170462472711,1.6809516554611795e-30,1.2001575379851057,0.8537415592755844,0.03600472613955317
two_link_arm,3,cartesian_line,1,0,0.020059532552936212,0.0009117969342243733,0.6848020466000967,0.6848020466000967,0.6238501824876788,2.3419308123748788e-30,1.1452521395587283,0.632815808819528,0.03435756418676185
two_link_arm,4,cartesian_line,0,1,0.029412139076823385,0.0013369154125828812,0.2599144906696781,0.2599144906696781,0.5237303346395742,0.47672308500769356,1.6391535544196938,0.8253525769951207,0.5258976916402843
two_link_arm,5,rollout,0,1,0.00040603859395508136,1.845629972523097e-05,0.15765926000185526,0.15765926000185526,0.40284479590531325,0.3701264729037816,2.1551498352428395,0.6823518632481435,0.4347809679610668
two_link_arm,6,cartesian_line,0,1,0.00042765249043663677,1.9438749565301673e-05,0.09597126538892081,0.09597126538892081,0.4278180774457592,1.09392820841195e-30,1.8301128118676036,0.7852531140389178,0.0549033843560281
two_link_arm,7,cartesian_line,0,1,4.762567570252977e-06,2.1648034410240805e-07,0.001011927949931918,0.001011927949931918,0.04627777360296232,2.5391460386801317e-30,0.24374849415290573,0.851749483600873,0.0073124548245871715
two_link_arm,8,cartesian_line,1,0,0.019098055698438386,0.0008680934408381084,0.5693690447250492,0.5693690447250492,0.5579830085251323,2.0709524691995947e-30,1.4491263166420243,0.0061760759686593225,0.04347378949926073
two_link_arm,9,cartesian_line,1,0,0.16325108344051162,0.007420503792750528,2.207937993920151,2.207937993920151,0.7972761117844956,0.39569784376339945,2.3206309402205427,0.062466567733373224,0.46531677197001575
two_link_arm,10,rollout,0,1,0.0002971551670675047,1.3507053048522941e-05,0.1361232024058118,0.1361232024058118,0.3335315870732674,0.2968807238728174,1.7368451406342635,0.6591793009335674,0.3489860780918453
two_link_arm,11,cartesian_line,0,1,0.0004222577110497118,1.9193532320441444e-05,0.0912753567801827,0.0912753567801827,0.42641044000468276,9.953205952593235e-31,1.7248036993486875,0.38431637188298307,0.051744110980460625
two_link_arm,12,cartesian_line,0,1,4.383406994381833e-06,1.992457724719015e-07,0.0023654951250086363,0.0023654951250086363,0.0445625950061958,1.7009813268828067e-30,0.34008604742956505,0.45328039622983696,0.010202581422886952
two_link_arm,13,cartesian_line,1,0,0.018470027061009843,0.0008395466845913565,0.5714578865465779,0.5714578865465779,0.561320487331471,2.1192933108037143e-30,1.4044963465156481,0.6464635302465336,0.04213489039546944
two_link_arm,14,cartesian_line,0,1,0.0009195084743166794,4.179583974166725e-05,0.07127882855949841,0.07127882855949841,0.4170592742395989,0.3240978046539378,1.521335758619626,0.14260132444453877,0.36973787741252656
two_link_arm,15,rollout,0,1,0.0004747091125484222,2.1577686934019192e-05,0.2544928816043086,0.2544928816043086,0.4340128980087361,0.665186599770416,2.7090198305691344,0.9751512681886565,0.74645719468749
two_link_arm,16,cartesian_line,0,1,3.382574226672841e-05,1.537533739396746e-06,0.008645854889309286,0.008645854889309286,0.12146322041173074,1.4914401489334754e-30,0.4549691163953916,0.968472483983038,0.013649073491861749
two_link_arm,17,cartesian_line,0,1,0.000100262156657266,4.557370757148455e-06,0.03375365607621321,0.03375365607621321,0.20932263369360743,1.8334853070566485e-30,0.9203930923507077,0.5482324064888705,0.02761179277052123
two_link_arm,18,cartesian_line,1,0,0.019743702180422738,0.0008974410082010335,0.6709192988080087,0.6709192988080087,0.6152188959174084,2.0954117794933126e-30,1.1567259008244126,0.12744202091993306,0.03470177702473238
two_link_arm,19,cartesian_line,0,1,0.001293426054996835,5.879209340894705e-05,0.018557323264595634,0.018557323264595634,0.4224341965694565,0.35677974173286275,1.4947396367824053,0.8581820515662284,0.4016219308363349
two_link_arm,20,rollout,0,1,0.00040694189675103803,1.8497358943229e-05,0.16846909406372265,0.16846909406372265,0.40964382145476624,0.4057346460100046,1.9818571298261656,0.5731201843927208,0.4651903599047895
two_link_arm,21,cartesian_line,0,1,0.00038622518628372366,1.7555690285623804e-05,0.09581101316335847,0.09581101316335847,0.4079433890250402,2.6439166276547974e-30,1.926918384000651,0.41676250203586285,0.057807551520019526
two_link_arm,22,cartesian_line,0,1,4.0418163513715634e-05,1.837189250623438e-06,0.013763859595077114,0.013763859595077114,0.12734268561799775,1.195617309475596e-30,0.6548699722001773,0.6676200499355733,0.019646099166005317
two_link_arm,23,cartesian_line,1,0,0.01793232409855252,0.0008151056408432964,0.5844604190129293,0.5844604190129293,0.5713434297680157,2.267975102510409e-30,1.3342401827334291,0.7362965073880884,0.04002720548200287
two_link_arm,24,cartesian_line,1,0,0.2243395949509643,0.010197254315952923,2.6927982550020295,2.6927982550020295,0.8021270017847422,0.3042527933501814,2.790067502140306,0.022290065655423796,0.3879548184143906
two_link_arm,25,rollout,0,1,0.0003281306259827955,1.4915028453763431e-05,0.1318314254451538,0.1318314254451538,0.3503287591974727,0.5299447328724264,1.8309537746895463,0.41332015975471725,0.5848733461131128
two_link_arm,26,cartesian_line,0,1,0.0003532110090302584,1.6055045865011744e-05,0.07409503976673472,0.07409503976673472,0.3862160635668959,1.8242408433235898e-30,1.8773319806957773,0.7927618399992379,0.05631995942087332
two_link_arm,27,cartesian_line,0,1,8.45287604036439e-05,3.842216381983814e-06,0.019751718354987062,0.019751718354987062,0.19234692781081983,1.5284180038657104e-30,0.7225527152500792,0.6006305565881277,0.021676581457502377
two_link_arm,28,cartesian_line,1,0,0.020325155640301077,0.0009238707109227762,0.694351656660413,0.694351656660413,0.6297807448022344,2.194019392645939e-30,1.1385205249690042,0.8005040427378881,0.034155615749070126
two_link_arm,29,cartesian_line,0,1,0.0006590701943418389,2.9957736106447225e-05,0.12192273725537192,0.12192273725537192,0.4942123530459328,0.3495130122082707,2.057995072317378,0.9894866813107274,0.411252864377792
two_link_arm,30,rollout,0,1,0.0003569855616919207,1.622661644054185e-05,0.14064098898773536,0.14064098898773536,0.37124417039362306,0.5126406687260391,2.127612994761298,0.6374492475520283,0.576469058568878
two_link_arm,31,cartesian_line,0,1,0.00017786760316977087,8.084891053171404e-06,0.05997324175502791,0.05997324175502791,0.2796396930456715,1.3111731061388302e-30,1.2091637268780138,0.08202569985503316,0.03627491180634041
two_link_arm,32,cartesian_line,0,1,0.0001293670276193029,5.8803194372410405e-06,0.01914748686613435,0.01914748686613435,0.2242371639146611,1.6146996653742585e-30,0.7178359997472158,0.004822044056611019,0.021535079992416474
two_link_arm,33,cartesian_line,1,0,0.019690678038163732,0.0008950308199165333,0.5731480212845106,0.5731480212845106,0.5587130615872806,2.0711450621940334e-30,1.531946867592123,0.49179384245712954,0.04595840602776369
two_link_arm,34,cartesian_line,1,0,0.26028854425195336,0.01183129746599788,3.0569769209969593,3.0569769209969593,0.9311323074170061,0.26676958242612886,2.766867445378293,0.21853270164820837,0.34977560578747763
two_link_arm,35,rollout,0,1,0.00041222698807159554,1.8737590366890706e-05,0.1675586580979061,0.1675586580979061,0.4016731111088307,0.49558575703325314,2.2351165572184963,0.9351787748043178,0.562639253749808
two_link_arm,36,cartesian_line,0,1,0.0004638900169280119,2.1085909860364177e-05,0.09014351936244631,0.09014351936244631,0.4506122395233731,1.574640322531004e-30,1.6505030800191847,0.5838466548135594,0.049515092400575535
two_link_arm,37,cartesian_line,0,1,0.00019230866913358744,8.741303142435792e-06,0.05802153605377605,0.05802153605377605,0.2876704822275547,9.30224163139035e-31,1.5320260784927038,0.3114798278816511,0.04596078235478111
two_link_arm,38,cartesian_line,1,0,0.018355354928852353,0.0008343343149478342,0.5961490209890709,0.5961490209890709,0.5714629216123565,2.4251309859724074e-30,1.292399904205312,0.13872010423241077,0.038771997126159356
two_link_arm,39,cartesian_line,1,0,0.17015040530777328,0.007734109332171513,1.5781804723622124,1.5781804723622124,0.7624765475178815,0.34259222034157294,3.7005380786589273,0.2630917164585356,0.45360836270134075
two_link_arm,40,rollout,0,1,0.000379155606312447,1.7234345741474866e-05,0.1646931322209382,0.1646931322209382,0.38512197370768037,0.5259653779259896,2.050078220970397,0.9691314674957209,0.5874677245551015
two_link_arm,41,cartesian_line,0,1,0.0004323353082120675,1.9651604918730343e-05,0.1056016556147117,0.1056016556147117,0.43270957618803796,2.150878561891665e-30,1.9949967326778777,0.8099410810690779,0.05984990198033633
two_link_arm,42,cartesian_line,0,1,6.177720522718593e-05,2.808054783053906e-06,0.010276030745992221,0.010276030745992221,0.16216102600276144,1.947500359764373e-30,0.3597903867716301,0.5545999207677106,0.010793711603148903
two_link_arm,43,cartesian_line,1,0,0.01869874484366162,0.0008499429474391646,0.6306504088415477,0.6306504088415477,0.5984855942821361,2.4960052079258577e-30,1.2060385445189183,0.46860960614619274,0.03618115633556755
two_link_arm,44,cartesian_line,1,0,0.29014349143031765,0.013188340519559893,3.1192886359695935,3.1192886359695935,0.8064838583292776,0.35046371311466235,2.790778966212076,0.07171780768131986,0.43418708210102464
two_link_arm,45,rollout,0,1,0.0005031343742072426,2.286974428214739e-05,0.18043055652742007,0.18043055652742007,0.4621741292754649,0.6430747967667426,2.4691477650339144,0.8066411131171572,0.7171492297177601
two_link_arm,46,cartesian_line,0,1,0.00015215009912824653,6.915913596738479e-06,0.04084983684910597,0.04084983684910597,0.2507992628934542,1.1933061935423313e-30,1.3318925687411656,0.07304027945731073,0.039956777062234966
two_link_arm,47,cartesian_line,0,1,0.00017092816930566054,7.769462241166389e-06,0.04619997380878105,0.04619997380878105,0.2668085455537316,1.0956615453618985e-30,1.412866688127572,0.46268170480256354,0.04238600064382716
two_link_arm,48,cartesian_line,1,0,0.0182476993585112,0.0008294408799323273,0.6042020772108793,0.6042020772108793,0.5763921472153454,2.348093788196918e-30,1.2678799275418258,0.7162412684239651,0.03803639782625477
two_link_arm,49,cartesian_line,0,1,0.00033862508897745844,1.5392049498975385e-05,0.08450409689726376,0.08450409689726376,0.3446826788072561,0.12007402961915378,1.4836144757276766,0.11565432156600153,0.16458246389098408
two_link_arm,50,rollout,0,1,0.00032685445867234583,1.4857020848742992e-05,0.14421626184129266,0.14421626184129266,0.36219055255210875,0.43933380683695333,1.9405830133371667,0.2702245787688239,0.4975512972370683
two_link_arm,51,cartesian_line,0,1,0.00016609056014408309,7.54957091564014e-06,0.04843142213326966,0.04843142213326966,0.26798967777037613,1.5638551148424355e-30,1.464868464862435,0.47650022173858786,0.04394605394587305
two_link_arm,52,cartesian_line,0,1,0.00030305058810346466,1.3775026731975667e-05,0.05615711652080001,0.05615711652080001,0.34247317080743706,1.3177212679497468e-30,1.6075697197523424,0.7874185021028056,0.04822709159257027
two_link_arm,53,cartesian_line,1,0,0.018347462859519784,0.0008339755845236265,0.5930187948801662,0.5930187948801662,0.577140982559974,2.1693674893577825e-30,1.3028031317210267,0.10249433382402584,0.0390840939516308
two_link_arm,54,cartesian_line,1,0,0.06659792682406498,0.0030271784920029537,0.7647240932668171,0.7647240932668171,0.6727763929304031,0.4190691190229264,1.8094852870135556,0.17022938382212582,0.473353677633333
two_link_arm,55,rollout,0,1,0.00036181200526791575,1.6446000239450717e-05,0.16770494113420054,0.16770494113420054,0.379800762496856,0.6056610828739576,2.3549477877905107,0.06830641018054262,0.6763095165076729
two_link_arm,56,cartesian_line,0,1,5.4465384005834524e-05,2.4756992729924784e-06,0.01431168670333947,0.01431168670333947,0.15430925152852396,2.1601230256247237e-30,0.7716813466702472,0.9207511749943501,0.023150440400107417
two_link_arm,57,cartesian_line,0,1,0.0005181121926223791,2.3550554210108144e-05,0.10719549909081622,0.10719549909081622,0.4681141273940144,1.8180778675015506e-30,2.0931449495283436,0.5632800098391659,0.0627943484858503
two_link_arm,58,cartesian_line,1,0,0.020619254076923818,0.0009372388216783554,0.5807046889802612,0.5807046889802612,0.5562325104987281,2.1728341632576795e-30,1.584295535738623,0.9087965710140651,0.04752886607215869
two_link_arm,59,cartesian_line,0,1,0.015673511721657755,0.0007124323509844435,0.14794154353402797,0.14794154353402797,0.5206414027663705,0.3190794450628185,1.4574444895617364,0.4859979491890034,0.36280277974967057
two_link_arm,60,rollout,0,1,0.00043208761479400563,1.9640346127000256e-05,0.1750293304034701,0.1750293304034701,0.4303295107557385,0.4030163367236634,2.1747541485231254,0.7608275691889343,0.46825896117935717
two_link_arm,61,cartesian_line,0,1,3.828587604511879e-06,1.7402670929599453e-07,0.002227784326453967,0.002227784326453967,0.041672627798850725,1.3065508742723008e-30,0.32228677790030974,0.9180695286445193,0.009668603337009292
two_link_arm,62,cartesian_line,0,1,0.00011682309984566738,5.31014090207579e-06,0.0325552820463083,0.0325552820463083,0.22596017553329675,1.0076465469034018e-30,0.8960138970481732,0.5760563517081727,0.026880416911445198
two_link_arm,63,cartesian_line,1,0,0.018370186069327953,0.0008350084576967252,0.5723111635522578,0.5723111635522578,0.5621496263379033,2.019915325673333e-30,1.3960320046051522,0.7862292648517992,0.041880960138154566
two_link_arm,64,cartesian_line,0,1,0.0008029621094624329,3.649827770283786e-05,0.07401134261360015,0.07401134261360015,0.499202833552191,0.2684167937354269,1.666508981303096,0.16597728030416115,0.31841206317451975
two_link_arm,65,rollout,0,1,0.0003465967235751474,1.5754396526143065e-05,0.14143450858475087,0.14143450858475087,0.36937823943397274,0.4762406707782691,2.366441343990484,0.9514465324975876,0.5472339110979836
two_link_arm,66,cartesian_line,0,1,9.241434561231845e-05,4.200652073287202e-06,0.04114405881109505,0.04114405881109505,0.20256415908349282,2.0461079729169994e-30,1.1240163119717912,0.017781659346371326,0.033720489359153734
two_link_arm,67,cartesian_line,0,1,3.619518366190924e-05,1.6452356209958744e-06,0.01666750899996174,0.01666750899996174,0.1263946268560541,1.7256332301709633e-30,0.8181986309800279,0.21957809833893838,0.024545958929400834
two_link_arm,68,cartesian_line,1,0,0.019258592983884493,0.0008753905901765679,0.6368039563808741,0.6368039563808741,0.5943166441079655,2.209426832201037e-30,1.1967963489144606,0.5472544329262281,0.035903890467433815
two_link_arm,69,cartesian_line,0,1,0.000978917798979514,4.449626358997791e-05,0.046901473466563315,0.046901473466563315,0.34928123203257283,0.2723809710200311,1.3162494686573645,0.2542059655705361,0.311868455079752
two_link_arm,70,rollout,0,1,0.00046288534875622763,2.1040243125283074e-05,0.21632180699671388,0.21632180699671388,0.4439689981896494,0.5818295758198979,2.382994302672631,0.09611097523647061,0.6533194049000768
two_link_arm,71,cartesian_line,0,1,7.669074176732984e-06,3.4859428076059015e-07,0.0014528170701908266,0.0014528170701908266,0.05868059344460461,1.9721522630525295e-30,0.27432518979993326,0.48686330122853905,0.008229755693997998
two_link_arm,72,cartesian_line,0,1,0.00045414056458748376,2.0642752935794716e-05,0.07862506137484129,0.07862506137484129,0.42253212997576006,2.2433231992222523e-30,1.9011623425987707,0.5316441143633288,0.05703487027796312
two_link_arm,73,cartesian_line,1,0,0.018235520675679115,0.0008288873034399597,0.6099412543602046,0.6099412543602046,0.5813709355657093,2.0984932674043322e-30,1.249290443042775,0.9725912476670713,0.037478713291283244
two_link_arm,74,cartesian_line,1,0,0.03842994564294423,0.0017468157110429197,0.704703370037921,0.704703370037921,0.6511745779997026,0.2076404433319324,1.5237133663378573,0.6590436708239213,0.25335184432206814
two_link_arm,75,rollout,0,1,0.00039444266057275156,1.792921184421598e-05,0.13101825813882234,0.13101825813882234,0.4046746336247287,0.4740336372923112,1.889228503993638,0.5060098950361055,0.5307104924121203
two_link_arm,76,cartesian_line,0,1,0.00012634454384078102,5.742933810944592e-06,0.023353141145142836,0.023353141145142836,0.22244193617063548,1.67632942359465e-30,0.9203809436756106,0.8647293140967383,0.02761142831026832
two_link_arm,77,cartesian_line,0,1,0.00013670120358790647,6.213691072177567e-06,0.03297070476218658,0.03297070476218658,0.2345574442211469,7.58046026110816e-31,1.1920056615738128,0.034350388512008445,0.03576016984721438
two_link_arm,78,cartesian_line,1,0,0.019772578778059144,0.0008987535808208702,0.6723289389724919,0.6723289389724919,0.6160954282331628,2.2433231992222523e-30,1.1554577184704904,0.8820420846474505,0.03466373155411471
two_link_arm,79,cartesian_line,1,0,0.199186916876253,0.00905395076710241,2.484832436193029,2.484832436193029,0.8058687582053427,0.255623122240088,2.4429417130474342,0.9345661382971717,0.328911373631511
two_link_arm,80,rollout,0,1,0.0002983296828160445,1.3560440128002022e-05,0.13372102577877384,0.13372102577877384,0.33713504189908466,0.3950717953620879,2.1093701748950653,0.7985859369861232,0.45835290060893985
two_link_arm,81,cartesian_line,0,1,8.168145602712933e-06,3.712793455778606e-07,0.0010969317523421016,0.0010969317523421016,0.06061067415702359,1.9228484564762163e-30,0.14806031896592672,0.6739386248926851,0.004441809568977801
two_link_arm,82,cartesian_line,0,1,9.431717789384039e-05,4.287144449720018e-06,0.018956594467701187,0.018956594467701187,0.2032974092734106,1.5037661005775538e-30,0.7226805518116063,0.646834143679138,0.021680416554348186
two_link_arm,83,cartesian_line,1,0,0.01793203425258023,0.0008150924660263741,0.5846126678317872,0.5846126678317872,0.5714435980565674,2.2803010541544873e-30,1.3337392320388297,0.9907337448791518,0.04001217696116489
two_link_arm,84,cartesian_line,1,0,0.15605834193184112,0.007093560996901869,1.8727962125959596,1.8727962125959596,0.7544875913152217,0.2968609784321418,2.4441502807136217,0.3462874999237423,0.37018548685355046
two_link_arm,85,rollout,0,1,0.0004033144468228499,1.8332474855584084e-05,0.1931386928922731,0.1931386928922731,0.39697442628928137,0.5168758216092457,2.307090182778868,0.7809430494247661,0.5860885270926117
two_link_arm,86,cartesian_line,0,1,1.312573003966066e-05,5.966240927118482e-07,0.003819771388403033,0.003819771388403033,0.07644455959050561,8.7514256672956e-31,0.355787546907018,0.5364350927391828,0.01067362640721054
two_link_arm,87,cartesian_line,0,1,3.474696905537345e-05,1.5794076843351567e-06,0.018579980951845432,0.018579980951845432,0.1250833744748337,4.468157470978387e-31,0.8264577062395049,0.9081856150969637,0.024793731187185145
two_link_arm,88,cartesian_line,1,0,0.020837926168365075,0.0009471784621984125,0.5826354179322956,0.5826354179322956,0.5558918503513903,2.2856936579987715e-30,1.5950623112741638,0.8620094090084607,0.04785186933822491
two_link_arm,89,cartesian_line,1,0,0.32233835058501026,0.014651743208409557,3.4891554907020392,3.4891554907020392,0.8444276521655136,0.25340662453902935,3.0888246522223612,0.27625660041965994,0.34607136410570016
planar_pusher,0,rollout,0,1,0.0005650537798346864,2.5684262719758475e-05,0.002257598598314951,0.0,0.4820480353686154,0.38591273800299386,0.0,0.5482324064888705,0.38591273800299386
planar_pusher,1,contact_rollout,0,1,0.020955904324142075,0.0009525411056428216,0.22218381657338648,0.004222677067626203,0.6585353664740166,0.011470409999999993,1.3922999999999996,0.12744202091993306,0.05323940999999998
planar_pusher,2,object_without_contact,1,0,0.02470765982103902,0.0011230754464108645,1.1059064884254146,1.1059064884254146,5.589934110000787e-17,9.924332049755117e-32,0.7372709922836096,0.8581820515662284,0.02211812976850829
planar_pusher,3,object_without_contact,1,0,0.04911317305412963,0.002232416957005892,1.5591991746340228,1.5591991746340228,5.589934110000787e-17,3.488340611771381e-31,1.0394661164226817,0.5731201843927208,0.03118398349268045
planar_pusher,4,move_to_push,1,0,0.10926523559248755,0.004966601617840343,0.9486942733002174,0.9486907540204317,0.3874283233648644,0.5865141496925638,1.3743318800925581,0.41676250203586285,0.6277441060953405
planar_pusher,5,rollout,0,1,0.0006976669668128143,3.171213485512792e-05,0.002154317940455947,0.0,0.5233747696705376,0.5313666663873409,0.0,0.6676200499355733,0.5313666663873409
planar_pusher,6,contact_rollout,0,1,0.020955904324142075,0.0009525411056428216,0.22218381657338648,0.004222677067626203,0.6585353664740166,0.011470409999999993,1.3922999999999996,0.7362965073880884,0.05323940999999998
planar_pusher,7,object_without_contact,1,0,0.03734773727166547,0.0016976244214393394,1.3596738560947037,1.3596738560947037,5.589934110000787e-17,1.6766499103744583e-31,0.906449237396469,0.022290065655423796,0.02719347712189407
planar_pusher,8,object_without_contact,1,0,0.025908710720547873,0.0011776686691158124,1.132466856321685,1.132466856321685,5.589934110000787e-17,1.4649405566049223e-31,0.7549779042144567,0.41332015975471725,0.0226493371264337
planar_pusher,9,move_to_push,1,0,0.08408706883972696,0.0038221394927148615,1.0324441749902187,1.0324410116066522,0.4238327408398197,0.5655064332065279,1.219489618463649,0.7927618399992379,0.6020911217604374
planar_pusher,10,rollout,0,1,0.0018588411639056698,8.449278017753045e-05,0.035839317638196616,0.0019540798861031297,0.5066147801831348,0.3151296271715101,0.3028477742977117,0.6006305565881277,0.32421506040044146
planar_pusher,11,contact_rollout,0,1,0.020955904324142075,0.0009525411056428216,0.22218381657338648,0.004222677067626203,0.6585353664740166,0.011470409999999993,1.3922999999999996,0.8005040427378881,0.05323940999999998
planar_pusher,12,object_without_contact,1,0,0.03536105353386812,0.0016073206151758237,1.3230163075058718,1.3230163075058718,5.589934110000787e-17,1.9077539805370813e-31,0.8820108716705816,0.9894866813107274,0.026460326150117446
planar_pusher,13,object_without_contact,1,0,0.031095678820537383,0.0014134399463880628,1.2406595429917913,1.2406595429917913,5.589934110000787e-17,1.7136563533293052e-31,0.8271063619945274,0.6374492475520283,0.02481319085983582
planar_pusher,14,move_to_push,1,0,0.15181558462512568,0.006900708392051167,1.0132766288025654,1.0132734664779597,0.3627476964744971,0.7507851545606771,1.6331760880106827,0.08202569985503316,0.7997804372009976
planar_pusher,15,rollout,0,1,0.0006939348726165343,3.154249420984247e-05,0.002824830222463875,0.0016871682114528415,0.5461251691299461,0.40973804795533997,0.1850008302322565,0.004822044056611019,0.4152880728623077
planar_pusher,16,contact_rollout,0,1,0.020955904324142075,0.0009525411056428216,0.22218381657338648,0.004222677067626203,0.6585353664740166,0.011470409999999993,1.3922999999999996,0.49179384245712954,0.05323940999999998
planar_pusher,17,object_without_contact,1,0,0.03313201861631576,0.001506000846196171,1.2806384819720318,1.2806384819720318,5.589934110000787e-17,2.5136470271429986e-31,0.8537589879813543,0.21853270164820837,0.02561276963944063
planar_pusher,18,object_without_contact,1,0,0.06633014718310797,0.003015006690141271,1.8119995269215285,1.8119995269215285,5.589934110000787e-17,3.6708224740020715e-31,1.2079996846143524,0.9351787748043178,0.03623999053843057
planar_pusher,19,move_to_push,1,0,0.10212872262428387,0.004642214664740176,1.0049609160229227,1.0049576003626686,0.3815633965342723,0.5502981270635987,1.3733765515345322,0.5838466548135594,0.5914994236096347
planar_pusher,20,rollout,0,1,0.0006531623798341085,2.9689199083368568e-05,0.00191445765781938,0.0,0.5076322865496471,0.4284561242275552,0.0,0.3114798278816511,0.4284561242275552
planar_pusher,21,contact_rollout,0,1,0.020955904324142075,0.0009525411056428216,0.22218381657338648,0.004222677067626203,0.6585353664740166,0.011470409999999993,1.3922999999999996,0.13872010423241077,0.05323940999999998
planar_pusher,22,object_without_contact,1,0,0.04606287931272294,0.0020937672414874063,1.5100041476697292,1.5100041476697292,5.589934110000787e-17,1.8093284279495102e-31,1.0066694317798195,0.2630917164585356,0.030200082953394585
planar_pusher,23,object_without_contact,1,0,0.04400556120046121,0.002000252781839146,1.4758981263701196,1.4758981263701196,5.589934110000787e-17,1.8419112505633427e-31,0.9839320842467463,0.9691314674957209,0.029517962527402387
planar_pusher,24,move_to_push,1,0,0.1279388200283737,0.0058154009103806225,1.060188950217829,1.0601858362351029,0.36217143428396176,0.5965793835105483,1.4778600419686052,0.8099410810690779,0.6409151847696064
planar_pusher,25,rollout,0,1,0.0005362359801510307,2.4374362734137758e-05,0.001296056044277214,0.0,0.4562569310734921,0.3101315252466849,0.0,0.5545999207677106,0.3101315252466849
planar_pusher,26,contact_rollout,0,1,0.020955904324142075,0.0009525411056428216,0.22218381657338648,0.004222677067626203,0.6585353664740166,0.011470409999999993,1.3922999999999996,0.46860960614619274,0.05323940999999998
planar_pusher,27,object_without_contact,1,0,0.02920815976951104,0.0013276436258868654,1.2024158634144828,1.2024158634144828,5.589934110000787e-17,1.8562353545247228e-31,0.8016105756096551,0.07171780768131986,0.02404831726828965
planar_pusher,28,object_without_contact,1,0,0.06633112567819867,0.0030150511671908488,1.8120128920818512,1.8120128920818512,5.589934110000787e-17,2.722452439668263e-31,1.2080085947212342,0.8066411131171572,0.03624025784163703
planar_pusher,29,move_to_push,1,0,0.17151347258037558,0.007796066935471618,0.9940304134433158,0.9940271157254117,0.3411890472013778,0.6921570738491413,1.7186905205121614,0.07304027945731073,0.7437177894645061
planar_pusher,30,rollout,0,1,0.0005877929859303776,2.6717862996835342e-05,0.0012376680101396404,0.0,0.4854808328226072,0.4011910762120105,0.0,0.46268170480256354,0.4011910762120105
planar_pusher,31,contact_rollout,0,1,0.020955904324142075,0.0009525411056428216,0.22218381657338648,0.004222677067626203,0.6585353664740166,0.011470409999999993,1.3922999999999996,0.7162412684239651,0.05323940999999998
planar_pusher,32,object_without_contact,1,0,0.046862638960962766,0.002130119952771035,1.5230563445150862,1.5230563445150862,5.589934110000787e-17,2.3126807513444977e-31,1.0153708963433907,0.11565432156600153,0.03046112689030172
planar_pusher,33,object_without_contact,1,0,0.07057931850613061,0.003208150841187755,1.8691378403032415,1.8691378403032415,5.589934110000787e-17,3.513498071669939e-31,1.2460918935354939,0.2702245787688239,0.037382756806064815
planar_pusher,34,move_to_push,1,0,0.11004439351708677,0.0050020178871403075,0.9557289792771718,0.955725467359096,0.32700613403996487,0.4565665543032182,1.362872151267703,0.47650022173858786,0.49745271884124925
planar_pusher,35,rollout,0,1,0.0005179248024325747,2.354203647420794e-05,0.0017107117339291806,0.0,0.4474871997902714,0.28629239989706684,0.0,0.7874185021028056,0.28629239989706684
planar_pusher,36,contact_rollout,0,1,0.020955904324142075,0.0009525411056428216,0.22218381657338648,0.004222677067626203,0.6585353664740166,0.011470409999999993,1.3922999999999996,0.10249433382402584,0.05323940999999998
planar_pusher,37,object_without_contact,1,0,0.027216189913875005,0.001237099541539773,1.160690053690826,1.160690053690826,5.589934110000787e-17,1.8328307918021107e-31,0.7737933691272171,0.17022938382212582,0.02321380107381651
planar_pusher,38,object_without_contact,1,0,0.05142727883610247,0.0023376035834592034,1.5955094178308924,1.5955094178308924,5.589934110000787e-17,2.722301976391358e-31,1.0636729452205949,0.06830641018054262,0.031910188356617845
planar_pusher,39,move_to_push,1,0,0.14037542594236876,0.00638070117919858,0.972608468289248,0.972605079864159,0.35109991591254175,0.6754406599260686,1.5617997401494794,0.9207511749943501,0.722294652130553
planar_pusher,40,rollout,0,1,0.000580500001793037,2.638636371786532e-05,0.001187724190855622,0.0,0.4854230848788163,0.3367455535149682,0.0,0.5632800098391659,0.3367455535149682
planar_pusher,41,contact_rollout,0,1,0.020955904324142075,0.0009525411056428216,0.22218381657338648,0.004222677067626203,0.6585353664740166,0.011470409999999993,1.3922999999999996,0.9087965710140651,0.05323940999999998
planar_pusher,42,object_without_contact,1,0,0.029361750742495592,0.0013346250337497997,1.2055731673164973,1.2055731673164973,5.589934110000787e-17,1.6829016595298715e-31,0.8037154448776649,0.4859979491890034,0.024111463346329947
planar_pusher,43,object_without_contact,1,0,0.06086094906764087,0.0027664067758018576,1.7356891941958454,1.7356891941958454,5.589934110000787e-17,2.9077931041601535e-31,1.157126129463897,0.7608275691889343,0.03471378388391691
planar_pusher,44,move_to_push,1,0,0.18610215537632935,0.008459188880742242,0.952301029545791,0.9522975098118893,0.390095698406773,0.8708669740738844,1.8045746204521178,0.9180695286445193,0.9250042126874479
planar_pusher,45,rollout,0,1,0.0005886629590021528,2.675740722737058e-05,0.001565343826750115,0.0,0.4845079597876254,0.37739076046695896,0.0,0.5760563517081727,0.37739076046695896
planar_pusher,46,contact_rollout,0,1,0.020955904324142075,0.0009525411056428216,0.22218381657338648,0.004222677067626203,0.6585353664740166,0.011470409999999993,1.3922999999999996,0.7862292648517992,0.05323940999999998
planar_pusher,47,object_without_contact,1,0,0.04363158872487057,0.0019832540329486623,1.469613432805067,1.469613432805067,5.589934110000787e-17,2.9512468985303905e-31,0.9797422885367115,0.16597728030416115,0.029392268656101346
planar_pusher,48,object_without_contact,1,0,0.037801197009166,0.0017182362276893638,1.3679032319406652,1.3679032319406652,5.589934110000787e-17,1.8788650313712728e-31,0.9119354879604437,0.9514465324975876,0.02735806463881331
planar_pusher,49,move_to_push,1,0,0.0925474305016096,0.0042067013864368,0.9930717426394584,0.993068446168105,0.31498027755358016,0.39917368803323416,1.2605628462121605,0.017781659346371326,0.43699057341959896
planar_pusher,50,rollout,0,1,0.0005578167219740835,2.5355305544276526e-05,0.0029941237738211647,0.0,0.47688877392032797,0.35121352630883357,0.0,0.21957809833893838,0.35121352630883357
planar_pusher,51,contact_rollout,0,1,0.020955904324142075,0.0009525411056428216,0.22218381657338648,0.004222677067626203,0.6585353664740166,0.011470409999999993,1.3922999999999996,0.5472544329262281,0.05323940999999998
planar_pusher,52,object_without_contact,1,0,0.04203230596763565,0.0019105593621652568,1.4424282115231817,1.4424282115231817,5.589934110000787e-17,2.725311241929463e-31,0.9616188076821212,0.2542059655705361,0.028848564230463634
planar_pusher,53,object_without_contact,1,0,0.02590175499032863,0.0011773524995603924,1.1323148290211815,1.1323148290211815,5.589934110000787e-17,1.7155822832736924e-31,0.7548765526807875,0.09611097523647061,0.022646296580423622
planar_pusher,54,move_to_push,1,0,0.11338262400016738,0.005153755636371244,1.0590145597531262,1.0590114291417945,0.34237205311256846,0.5150241623930459,1.4087811644856694,0.48686330122853905,0.557287597327616
planar_pusher,55,rollout,0,1,0.0007603352873843978,3.456069488110899e-05,0.00430095335652372,0.0,0.565952025808797,0.375646841030109,0.0,0.5316441143633288,0.375646841030109
planar_pusher,56,contact_rollout,0,1,0.020955904324142075,0.0009525411056428216,0.22218381657338648,0.004222677067626203,0.6585353664740166,0.011470409999999993,1.3922999999999996,0.9725912476670713,0.05323940999999998
planar_pusher,57,object_without_contact,1,0,0.031002314073743452,0.001409196094261066,1.2387956032575758,1.2387956032575758,5.589934110000787e-17,1.7300869431673588e-31,0.8258637355050503,0.6590436708239213,0.02477591206515151
planar_pusher,58,object_without_contact,1,0,0.06024634082157118,0.0027384700373441445,1.7269029708318224,1.7269029708318224,5.589934110000787e-17,3.6309797982775606e-31,1.1512686472212146,0.5060098950361055,0.03453805941663644
planar_pusher,59,move_to_push,1,0,0.15090856496358546,0.006859480225617521,0.9887794671037126,0.9887761281827656,0.42418006884404863,0.7919565065626444,1.637297731227773,0.8647293140967383,0.8410754384994775
planar_pusher,60,rollout,0,1,0.000535818311477875,2.4355377794448865e-05,0.004194212205904315,0.0,0.4652948983497995,0.3065863813240975,0.0,0.034350388512008445,0.3065863813240975
planar_pusher,61,contact_rollout,0,1,0.020955904324142075,0.0009525411056428216,0.22218381657338648,0.004222677067626203,0.6585353664740166,0.011470409999999993,1.3922999999999996,0.8820420846474505,0.05323940999999998
planar_pusher,62,object_without_contact,1,0,0.04637892468799664,0.0021081329403634837,1.5151754921644667,1.5151754921644667,5.589934110000787e-17,2.858681890578279e-31,1.0101169947763113,0.9345661382971717,0.03030350984328934
planar_pusher,63,object_without_contact,1,0,0.03318235685564206,0.00150828894798373,1.281610964510792,1.281610964510792,5.589934110000787e-17,1.983183102040646e-31,0.8544073096738616,0.7985859369861232,0.025632219290215846
planar_pusher,64,move_to_push,1,0,0.12329395414373798,0.0056042706428971805,0.9460517743319463,0.9460482768014774,0.36754191304100486,0.6141445480924086,1.3865117958338995,0.6739386248926851,0.6557399019674256
planar_pusher,65,rollout,0,1,0.0006036485833694156,2.7438571971337074e-05,0.0025723278263487716,0.0,0.48687827302544806,0.3483918805753674,0.0,0.646834143679138,0.3483918805753674
planar_pusher,66,contact_rollout,0,1,0.020955904324142075,0.0009525411056428216,0.22218381657338648,0.004222677067626203,0.6585353664740166,0.011470409999999993,1.3922999999999996,0.9907337448791518,0.05323940999999998
planar_pusher,67,object_without_contact,1,0,0.039171898965883675,0.0017805408620856216,1.3924830335811067,1.3924830335811067,5.589934110000787e-17,2.865904127869731e-31,0.9283220223874046,0.3462874999237423,0.027849660671622135
planar_pusher,68,object_without_contact,1,0,0.07152377473113908,0.003251080669597231,1.8816022026962513,1.8816022026962513,5.589934110000787e-17,2.3496345321524277e-31,1.2544014684641678,0.7809430494247661,0.037632044053925034
planar_pusher,69,move_to_push,1,0,0.11910958077869793,0.005414071853577179,0.9807631212567656,0.9807598257648474,0.3285034680741043,0.442684217314643,1.426681121140762,0.5364350927391828,0.4854846509488659
planar_pusher,70,rollout,0,1,0.0005324702129198591,2.4203191496357232e-05,0.0029788326026370833,0.0,0.466402506522333,0.3883353448255379,0.0,0.9081856150969637,0.3883353448255379
planar_pusher,71,contact_rollout,0,1,0.020955904324142075,0.0009525411056428216,0.22218381657338648,0.004222677067626203,0.6585353664740166,0.011470409999999993,1.3922999999999996,0.8620094090084607,0.05323940999999998
planar_pusher,72,object_without_contact,1,0,0.05502714473949728,0.002501233851795331,1.6504071208659743,1.6504071208659743,5.589934110000787e-17,1.973747173787725e-31,1.1002714139106495,0.27625660041965994,0.03300814241731948
planar_pusher,73,object_without_contact,1,0,0.06730607590509866,0.0030593670865953935,1.825281007763567,1.825281007763567,5.589934110000787e-17,2.772857637431523e-31,1.2168540051757115,0.9542221664197219,0.03650562015527135
planar_pusher,74,move_to_push,1,0,0.12322708408232466,0.005601231094651121,1.0343401218470165,1.0343369331486492,0.3385514516941685,0.5318405197552409,1.4537869738217164,0.28504499832668295,0.5754541289698925
planar_pusher,75,rollout,0,1,0.0005438710450365021,2.4721411138022823e-05,0.0013795950471232306,0.0,0.4595651542704685,0.3516490142730604,0.0,0.7218790546221029,0.3516490142730604
planar_pusher,76,contact_rollout,0,1,0.020955904324142075,0.0009525411056428216,0.22218381657338648,0.004222677067626203,0.6585353664740166,0.011470409999999993,1.3922999999999996,0.4467108550385872,0.05323940999999998
planar_pusher,77,object_without_contact,1,0,0.06587220069972155,0.002994190940896434,1.8057336278189584,1.8057336278189584,5.589934110000787e-17,3.5255351338223594e-31,1.2038224185459725,0.5725559075375647,0.03611467255637917
planar_pusher,78,object_without_contact,1,0,0.04315486866191384,0.001961584939177902,1.4615628617219087,1.4615628617219087,5.589934110000787e-17,2.829582292824803e-31,0.974375241147939,0.6508606786779423,0.02923125723443817
planar_pusher,79,move_to_push,1,0,0.1048144855158329,0.0047642947961742226,0.9561341328988856,0.9561306672510708,0.3668039967702352,0.5582254680891203,1.2781466513526614,0.09450557385615987,0.5965698676297002
planar_pusher,80,rollout,0,1,0.0036415618788753668,0.0001655255399488803,0.0981822831366759,0.05719732897062066,0.5042312155745856,0.35375905400428853,0.28468052676645844,0.9109586649264262,0.3622994698072823
planar_pusher,81,contact_rollout,0,1,0.020955904324142075,0.0009525411056428216,0.22218381657338648,0.004222677067626203,0.6585353664740166,0.011470409999999993,1.3922999999999996,0.9197372063016404,0.05323940999999998
planar_pusher,82,object_without_contact,1,0,0.06530666984330451,0.0029684849928774777,1.7979655606389056,1.7979655606389056,5.589934110000787e-17,2.3381993231076285e-31,1.1986437070926037,0.8585783542923838,0.03595931121277811
planar_pusher,83,object_without_contact,1,0,0.03550711199501159,0.0016139596361368904,1.3257458443280423,1.3257458443280423,5.589934110000787e-17,1.9525318517440845e-31,0.8838305628853615,0.9804939195942202,0.026514916886560845
planar_pusher,84,move_to_push,1,0,0.16475035133731153,0.00748865233351416,0.9755434595656411,0.975540174250458,0.40590781868278697,0.7546657441300463,1.7047711856758778,0.6880931712568382,0.8058088797003227
planar_pusher,85,rollout,0,1,0.0005493867547233355,2.4972125214697068e-05,0.0014703852237264287,0.0,0.45625694005398665,0.34858575593622415,0.0,0.8906422005476196,0.34858575593622415
planar_pusher,86,contact_rollout,0,1,0.020955904324142075,0.0009525411056428216,0.22218381657338648,0.004222677067626203,0.6585353664740166,0.011470409999999993,1.3922999999999996,0.4549393312442257,0.05323940999999998
planar_pusher,87,object_without_contact,1,0,0.03645053167707833,0.001656842348958106,1.3432428365769822,1.3432428365769822,5.589934110000787e-17,2.093967332035022e-31,0.895495224384655,0.3772089598719719,0.026864856731539648
planar_pusher,88,object_without_contact,1,0,0.057216392944403636,0.002600745133836529,1.6829175412800177,1.6829175412800177,5.589934110000787e-17,1.9524114811225603e-31,1.121945027520012,0.8867374785107758,0.03365835082560036
planar_pusher,89,move_to_push,1,0,0.19339059211578977,0.008790481459808626,0.9832297355929878,0.9832263732431654,0.3414209680464213,0.8077189833606098,1.8568763663059964,0.5408581923292016,0.8634252743497897
